{
    "accuracies": [
        0.49976019184652276,
        0.5654676258992806,
        0.5899280575539568,
        0.5815347721822542,
        0.6496402877697842,
        0.6918465227817746,
        0.6968824940047962,
        0.6952038369304556,
        0.7057553956834532,
        0.6330935251798561
    ],
    "test_losses": [
        0.7075935601044616,
        0.6780408467034356,
        0.6738579838395976,
        0.6651880707815111,
        0.6243806253806007,
        0.5743406101954069,
        0.5894573798282541,
        0.5771153256904593,
        0.5711207258329689,
        0.6398902958388523
    ],
    "train_losses": [
        0.7186764572253893,
        0.6965748725404433,
        0.6885691337841838,
        0.6719869874042212,
        0.6452781391155245,
        0.6241091672926641,
        0.608252308618204,
        0.5935836974325743,
        0.583437221919008,
        0.5738332020795751
    ]
}